componentName,Type,Order,Frame1,Frame2,Frame3,Frame4,Frame5,Frame6,Frame7,Frame8,Frame9,Frame10,Frame11,Frame12,Frame13,Frame14,Frame15,Frame16,Frame17,Frame18,Frame19,Frame20,Frame21,Frame22,Frame23,Frame24,Frame25,Frame26,Frame27,Frame28,Frame29,Frame30,Frame31,Frame32,Frame33,Frame34,Frame35,Frame36,Frame37,Frame38,Frame39,Frame40,Frame41,Frame42,Frame43,Frame44,Frame45,Frame46,Frame47,Frame48,Frame49,Frame50,Frame51,Frame52,Frame53,Frame54,Frame55,Frame56,Frame57,Frame58,Frame59,Frame60,Frame61,Frame62,Frame63,Frame64,Frame65,Frame66,Frame67,Frame68,Frame69,Frame70,Frame71,Frame72,Frame73,Frame74,Frame75,Frame76,Frame77,Frame78,Frame79,Frame80,Frame81,Frame82,Frame83,Frame84,Frame85,Frame86,Frame87,Frame88,Frame89,Frame90,Frame91,Frame92,Frame93,Frame94,Frame95,Frame96,Frame97,Frame98,Frame99,Frame100,Frame101,Frame102,Frame103,Frame104,Frame105,Frame106,Frame107,Frame108,Frame109,Frame110,Frame111,Frame112,Frame113,Frame114,Frame115,Frame116,Frame117,Frame118,Frame119,Frame120,Frame121,Frame122,Frame123,Frame124,Frame125,Frame126,Frame127,Frame128,Frame129,Frame130,Frame131,Frame132,Frame133,Frame134,Frame135,Frame136,Frame137,Frame138,Frame139,Frame140,Frame141,Frame142,Frame143,Frame144,Frame145,Frame146,Frame147,Frame148,Frame149,Frame150,Frame151,Frame152,Frame153,Frame154,Frame155,Frame156,Frame157,Frame158,Frame159,Frame160,Frame161,Frame162,Frame163,Frame164,Frame165,Frame166,Frame167,Frame168,Frame169,Frame170,Frame171,Frame172,Frame173,Frame174,Frame175,Frame176,Frame177,Frame178,Frame179,Frame180,Frame181,Frame182,Frame183,Frame184,Frame185,Frame186,Frame187,Frame188,Frame189,Frame190,Frame191,Frame192,Frame193,Frame194,Frame195,Frame196,Frame197,Frame198,Frame199,Frame200,Frame201,Frame202,Frame203,Frame204,Frame205,Frame206,Frame207,Frame208,Frame209,Frame210,Frame211,Frame212,Frame213,Frame214,Frame215,Frame216,Frame217,Frame218,Frame219,Frame220,Frame221,Frame222,Frame223,Frame224,Frame225,Frame226,Frame227,Frame228,Frame229,Frame230,Frame231,Frame232,Frame233,Frame234,Frame235,Frame236,Frame237,Frame238,Frame239,Frame240,Frame241,Frame242,Frame243,Frame244,Frame245,Frame246,Frame247,Frame248,Frame249,Frame250,Frame251,Frame252,Frame253,Frame254,Frame255,Frame256,Frame257,Frame258,Frame259,Frame260,Frame261,Frame262,Frame263,Frame264,Frame265,Frame266,Frame267,Frame268,Frame269,Frame270,Frame271,Frame272,Frame273,Frame274,Frame275,Frame276,Frame277,Frame278,Frame279,Frame280,Frame281,Frame282,Frame283,Frame284,Frame285,Frame286,Frame287,Frame288,Frame289,Frame290,Frame291,Frame292,Frame293,Frame294,Frame295,Frame296,Frame297,Frame298,Frame299,Frame300,Frame301,Frame302,Frame303,Frame304,Frame305,Frame306,Frame307,Frame308,Frame309,Frame310,Frame311,Frame312,Frame313,Frame314,Frame315,Frame316,Frame317,Frame318,Frame319,Frame320,Frame321,Frame322,Frame323,Frame324,Frame325,Frame326,Frame327,Frame328,Frame329,Frame330
enter,action,1,0.01,0.01,0.59,0.01,0.01,0.01,0.0,0.01,0.01,0.0,0.01,0.58,0.58,0.58,0.58,0.49,0.01,0.01,0.01,0.01,0.01,0.01,0.01,0.01,0.01,0.01,0.01,0.01,0.01,0.01,0.01,0.01,0.01,0.01,0.01,0.01,0.01,0.01,0.01,0.01,0.01,0.0,0.01,0.01,0.01,0.01,0.01,0.01,0.01,0.01,0.01,0.01,0.01,0.03,0.01,0.01,0.01,0.01,0.01,0.01,0.01,0.01,0.01,0.01,0.01,0.01,0.01,0.01,0.01,0.01,0.01,0.01,0.01,0.03,0.03,0.01,0.01,0.01,0.01,0.01,0.01,0.41,0.01,0.01,0.01,0.01,0.0,0.01,0.0,0.01,0.0,0.0,0.01,0.01,0.01,0.01,0.07,0.01,0.01,0.01,0.01,0.01,0.01,0.01,0.03,0.01,0.01,0.01,0.0,0.01,0.01,0.01,0.01,0.01,0.01,0.01,0.01,0.5,0.01,0.0,0.0,0.0,0.01,0.0,0.0,0.01,0.0,0.0,0.01,0.0,0.0,0.01,0.0,0.0,0.01,0.0,0.01,0.01,0.01,0.01,0.01,0.01,0.01,0.02,0.01,0.01,0.01,0.01,0.01,0.01,0.01,0.01,0.01,0.01,0.01,0.01,0.01,0.01,0.01,0.01,0.01,0.01,0.01,0.01,0.01,0.01,0.01,0.01,0.01,0.24,0.01,0.01,0.01,0.01,0.0,0.01,0.01,0.01,0.0,0.01,0.01,0.01,0.01,0.01,0.01,0.0,0.01,0.01,0.01,0.01,0.01,0.01,0.01,0.01,0.01,0.01,0.01,0.01,0.0,0.01,0.01,0.01,0.01,0.01,0.01,0.01,0.0,0.01,0.0,0.01,0.01,0.01,0.01,0.01,0.0,0.01,0.0,0.01,0.01,0.01,0.0,0.01,0.01,0.01,0.34,0.01,0.01,0.01,0.01,0.0,0.01,0.01,0.36,0.01,0.01,0.01,0.0,0.01,0.22,0.01,0.01,0.01,0.01,0.01,0.01,0.01,0.01,0.01,0.01,0.01,0.01,0.01,0.01,0.01,0.0,0.0,0.01,0.01,0.0,0.01,0.01,0.01,0.01,0.01,0.01,0.01,0.01,0.01,0.0,0.0,0.0,0.15,0.01,0.0,0.0,0.01,0.01,0.01,0.01,0.01,0.01,0.0,0.0,0.01,0.01,0.01,0.01,0.01,0.01,0.01,0.01,0.01,0.01,0.01,0.0,0.0,0.0,0.0,0.01,0.01,0.01,0.01,0.01,0.01,0.01,0.1,0.0,0.0,0.0,0.01,0.01,0.01,0.01,0.01,0.01,0.0,0.01,0.0,0.0,0.03,0.0,0.0,0.01,0.0,0.01,0.01,0.01,0.0,0.0,0.0
cupboard,location,2,0.01,0.01,0.0,0.0,0.01,0.0,0.0,0.01,0.02,0.0,0.01,0.01,0.01,0.01,0.01,0.01,0.0,0.14,0.0,0.83,0.89,0.86,0.94,0.25,0.95,0.95,0.84,0.26,0.95,0.87,0.87,0.94,0.95,0.88,0.94,0.94,0.93,0.85,0.74,0.94,0.01,0.1,0.01,0.02,0.01,0.93,0.95,0.92,0.29,0.95,0.42,0.95,0.27,0.95,0.95,0.95,0.01,0.01,0.01,0.01,0.01,0.01,0.01,0.01,0.01,0.01,0.01,0.07,0.0,0.78,0.9,0.95,0.93,0.95,0.95,0.95,0.87,0.29,0.24,0.18,0.95,0.3,0.95,0.72,0.4,0.95,0.0,0.03,0.0,0.0,0.04,0.0,0.0,0.01,0.01,0.01,0.01,0.01,0.01,0.01,0.01,0.01,0.01,0.01,0.01,0.01,0.01,0.0,0.0,0.01,0.7,0.01,0.01,0.01,0.0,0.02,0.01,0.01,0.01,0.0,0.0,0.0,0.01,0.0,0.0,0.01,0.01,0.0,0.01,0.0,0.0,0.01,0.01,0.0,0.0,0.03,0.0,0.01,0.04,0.01,0.01,0.01,0.01,0.01,0.01,0.01,0.01,0.01,0.01,0.01,0.01,0.01,0.01,0.03,0.01,0.01,0.01,0.01,0.01,0.01,0.01,0.01,0.01,0.01,0.01,0.01,0.0,0.01,0.01,0.01,0.03,0.01,0.01,0.01,0.01,0.08,0.01,0.04,0.0,0.0,0.0,0.01,0.01,0.01,0.01,0.01,0.01,0.01,0.01,0.05,0.01,0.01,0.01,0.01,0.01,0.01,0.01,0.01,0.0,0.01,0.01,0.01,0.01,0.01,0.01,0.01,0.0,0.01,0.01,0.36,0.01,0.01,0.01,0.01,0.01,0.01,0.01,0.01,0.01,0.05,0.0,0.01,0.01,0.01,0.01,0.01,0.01,0.18,0.0,0.0,0.0,0.01,0.01,0.01,0.01,0.01,0.01,0.01,0.22,0.01,0.02,0.01,0.01,0.01,0.01,0.01,0.01,0.01,0.01,0.01,0.01,0.01,0.01,0.01,0.01,0.0,0.0,0.01,0.01,0.01,0.01,0.01,0.01,0.01,0.01,0.01,0.01,0.01,0.01,0.01,0.01,0.01,0.01,0.01,0.01,0.21,0.0,0.01,0.0,0.02,0.01,0.01,0.01,0.01,0.01,0.01,0.01,0.01,0.02,0.01,0.01,0.01,0.01,0.01,0.01,0.0,0.01,0.01,0.01,0.01,0.01,0.01,0.01,0.01,0.01,0.11,0.01,0.01,0.01,0.01,0.01,0.02,0.01,0.01,0.0,0.01,0.01,0.0,0.0,0.01,0.0,0.14,0.0,0.0,0.05,0.0,0.01,0.0,0.0,0.0
potato,object,3,0.02,0.01,0.04,0.02,0.02,0.02,0.07,0.01,0.32,0.43,0.01,0.02,0.02,0.02,0.02,0.02,0.01,0.01,0.02,0.1,0.84,0.88,0.88,0.73,0.88,0.88,0.83,0.61,0.11,0.83,0.86,0.88,0.11,0.86,0.88,0.88,0.87,0.82,0.85,0.88,0.02,0.03,0.02,0.26,0.02,0.11,0.11,0.11,0.04,0.11,0.05,0.11,0.08,0.11,0.11,0.11,0.08,0.05,0.01,0.01,0.01,0.02,0.01,0.01,0.01,0.02,0.02,0.06,0.03,0.16,0.11,0.11,0.11,0.11,0.11,0.11,0.1,0.05,0.11,0.29,0.11,0.05,0.11,0.09,0.05,0.11,0.15,0.01,0.04,0.14,0.87,0.82,0.97,0.01,0.01,0.01,0.14,0.01,0.01,0.01,0.01,0.01,0.01,0.21,0.02,0.01,0.01,0.01,0.07,0.02,0.09,0.04,0.23,0.05,0.16,0.02,0.02,0.02,0.02,0.82,0.81,0.58,0.05,0.75,0.71,0.02,0.02,0.77,0.59,0.97,0.74,0.85,0.67,0.83,0.84,0.92,0.19,0.99,0.96,0.95,0.99,0.34,0.97,0.68,0.97,0.99,0.99,0.99,0.98,0.94,0.99,0.98,0.99,0.98,0.95,0.98,0.98,0.99,0.98,0.98,0.99,0.97,0.98,0.97,0.96,0.99,0.37,0.39,0.99,0.31,0.98,0.99,0.98,0.4,0.98,0.91,0.99,0.96,0.97,0.87,0.91,0.47,0.96,0.99,0.97,0.64,0.98,0.97,0.99,0.94,0.99,0.98,0.98,0.99,0.98,0.69,0.99,0.99,0.85,0.98,0.99,0.98,0.97,0.99,0.99,0.99,0.01,0.43,0.02,0.02,0.98,0.97,0.99,0.99,0.57,0.99,0.67,0.99,0.99,0.94,0.97,0.98,0.97,0.98,0.08,0.02,0.02,0.17,0.01,0.93,0.93,0.85,0.08,0.93,0.92,0.0,0.64,0.93,0.04,0.61,0.91,0.2,0.79,0.94,0.9,0.87,0.93,0.61,0.92,0.93,0.93,0.93,0.93,0.93,0.95,0.86,0.02,0.02,0.08,0.95,0.11,0.93,0.93,0.93,0.91,0.93,0.94,0.92,0.97,0.87,0.95,0.96,0.03,0.13,0.08,0.79,0.03,0.11,0.01,0.43,0.93,0.88,0.69,0.56,0.96,0.93,0.68,0.93,0.11,0.95,0.93,0.93,0.92,0.92,0.69,0.83,0.95,0.95,0.93,0.68,0.93,0.9,0.96,0.93,0.93,0.13,0.95,0.93,0.67,0.85,0.81,0.31,0.05,0.27,0.94,0.81,0.93,0.71,0.76,0.98,0.81,0.75,0.04,0.79,0.74,0.94,0.92,0.74,0.83,0.87
take out,action,4,0.01,0.03,0.0,0.0,0.01,0.0,0.01,0.0,0.01,0.0,0.01,0.01,0.01,0.01,0.02,0.01,0.01,0.14,0.21,0.85,0.9,0.87,0.95,0.25,0.96,0.96,0.91,0.48,0.97,0.93,0.88,0.96,0.97,0.92,0.95,0.95,0.94,0.92,0.76,0.95,0.01,0.1,0.01,0.05,0.01,0.97,0.97,0.97,0.29,0.97,1.0,0.97,0.7,0.97,0.97,0.97,0.06,0.0,0.12,0.0,0.01,0.8,0.37,0.0,0.0,0.0,0.02,0.14,0.0,0.82,0.92,0.97,0.95,0.97,0.97,0.97,0.88,0.29,0.52,0.18,0.97,0.31,0.97,0.99,0.4,0.97,0.07,0.19,0.0,0.0,0.06,0.0,0.0,0.0,0.0,0.04,0.67,0.98,0.95,0.97,0.01,0.0,0.0,0.0,0.0,0.01,0.0,0.85,0.21,0.09,0.72,0.0,0.01,0.02,0.0,0.02,0.01,0.0,0.02,0.0,0.0,0.01,0.0,0.0,0.05,0.01,0.02,0.0,0.0,0.0,0.0,0.01,0.01,0.0,0.0,0.03,0.0,0.0,0.06,0.0,0.0,0.6,0.0,0.31,0.0,0.0,0.0,0.0,0.0,0.01,0.0,0.0,0.0,0.02,0.02,0.0,0.0,0.0,0.0,0.0,0.0,0.02,0.0,0.0,0.0,0.0,0.02,0.0,0.0,0.0,0.02,0.0,0.0,0.0,0.01,0.08,0.0,0.06,0.0,0.05,0.0,0.52,0.0,0.0,0.0,0.01,0.0,0.0,0.0,0.09,0.0,0.01,0.0,0.0,0.0,0.3,0.0,0.0,0.0,0.0,0.0,0.0,0.0,0.0,0.0,0.0,0.01,0.0,0.02,0.37,0.0,0.0,0.0,0.0,0.01,0.0,0.01,0.0,0.0,0.09,0.0,0.0,0.0,0.0,0.01,0.0,0.01,0.4,0.29,0.04,0.0,0.01,0.01,0.01,0.01,0.01,0.02,0.01,0.22,0.01,0.02,0.01,0.01,0.01,0.01,0.07,0.01,0.01,0.01,0.01,0.01,0.01,0.01,0.01,0.01,0.0,0.01,0.01,0.01,0.01,0.01,0.01,0.01,0.01,0.01,0.01,0.01,0.01,0.01,0.0,0.01,0.01,0.02,0.02,0.01,0.39,0.0,0.01,0.01,0.05,0.01,0.0,0.01,0.01,0.01,0.01,0.01,0.01,0.02,0.01,0.01,0.01,0.01,0.01,0.01,0.02,0.01,0.01,0.01,0.01,0.01,0.01,0.01,0.01,0.01,0.24,0.01,0.01,0.01,0.01,0.01,0.03,0.01,0.0,0.0,0.01,0.01,0.07,0.0,0.0,0.0,0.25,0.0,0.0,0.15,0.0,0.01,0.0,0.0,0.0
peel,action,5,0.03,0.01,0.01,0.01,0.01,0.01,0.01,0.01,0.48,0.0,0.03,0.01,0.01,0.01,0.01,0.01,0.01,0.01,0.01,0.01,0.03,0.03,0.02,0.28,0.02,0.02,0.04,0.2,0.01,0.02,0.04,0.02,0.01,0.02,0.02,0.02,0.02,0.04,0.04,0.02,0.01,0.01,0.16,0.39,0.01,0.01,0.01,0.01,0.01,0.01,0.01,0.01,0.01,0.01,0.01,0.01,0.01,0.01,0.01,0.01,0.01,0.01,0.04,0.01,0.01,0.01,0.02,0.02,0.0,0.01,0.04,0.01,0.01,0.01,0.01,0.01,0.01,0.01,0.01,0.01,0.01,0.01,0.01,0.01,0.01,0.01,0.01,0.0,0.0,0.15,0.03,0.05,0.88,0.01,0.01,0.02,0.16,0.01,0.01,0.01,0.04,0.03,0.01,0.24,0.01,0.01,0.01,0.01,0.01,0.01,0.01,0.01,0.02,0.0,0.0,0.57,0.01,0.16,0.01,0.04,0.11,0.12,0.01,0.13,0.12,0.01,0.01,0.13,0.22,0.68,0.09,0.09,0.37,0.14,0.05,0.07,0.28,0.98,0.92,0.9,0.98,0.4,0.96,0.67,0.9,0.98,0.98,0.98,0.94,0.91,0.98,0.82,0.98,0.96,0.95,0.97,0.98,0.98,0.98,0.93,0.99,0.97,0.97,0.97,0.96,0.99,0.47,0.6,0.98,0.46,0.96,0.98,0.97,0.49,0.84,0.08,0.98,0.92,0.01,0.02,0.04,0.02,0.96,0.99,0.96,0.37,0.97,0.94,0.97,0.9,0.98,0.97,0.94,0.98,0.95,0.68,0.98,0.98,0.83,0.98,0.98,0.98,0.96,0.98,0.98,0.98,0.01,0.57,0.01,0.01,0.98,0.96,0.98,0.98,0.25,0.98,0.37,0.98,0.98,0.89,0.9,0.95,0.91,0.97,0.03,0.01,0.01,0.02,0.01,0.01,0.03,0.09,0.0,0.01,0.01,0.01,0.28,0.01,0.01,0.01,0.01,0.01,0.06,0.09,0.02,0.01,0.01,0.01,0.07,0.01,0.01,0.01,0.01,0.01,0.17,0.04,0.02,0.01,0.01,0.13,0.01,0.01,0.16,0.01,0.02,0.01,0.09,0.01,0.15,0.05,0.17,0.07,0.01,0.0,0.01,0.11,0.0,0.01,0.06,0.14,0.01,0.07,0.18,0.73,0.01,0.01,0.01,0.12,0.01,0.01,0.04,0.01,0.01,0.01,0.18,0.14,0.17,0.17,0.01,0.01,0.01,0.01,0.01,0.01,0.01,0.0,0.17,0.37,0.37,0.09,0.05,0.0,0.01,0.02,0.05,0.06,0.01,0.05,0.19,0.94,0.06,0.08,0.0,0.07,0.12,0.05,0.1,0.22,0.14,0.07
open,action,6,0.01,0.0,0.0,0.02,0.0,0.02,0.0,0.17,0.01,0.0,0.01,0.0,0.0,0.0,0.0,0.15,0.0,0.01,0.01,0.01,0.02,0.01,0.01,0.01,0.01,0.01,0.01,0.01,0.02,0.01,0.01,0.01,0.01,0.01,0.01,0.01,0.01,0.01,0.01,0.01,0.0,0.01,0.01,0.01,0.0,0.01,0.01,0.01,0.17,0.01,0.01,0.01,0.01,0.01,0.01,0.01,0.0,0.84,0.79,0.89,0.88,0.01,0.01,0.07,0.07,0.07,0.01,0.01,0.0,0.01,0.01,0.01,0.01,0.01,0.01,0.01,0.01,0.01,0.01,0.01,0.01,0.01,0.02,0.02,0.01,0.01,0.0,0.0,0.02,0.0,0.0,0.0,0.0,0.88,0.66,0.79,0.01,0.01,0.01,0.01,0.02,0.21,0.17,0.06,0.88,0.89,0.89,0.01,0.01,0.03,0.02,0.03,0.01,0.01,0.06,0.01,0.0,0.01,0.01,0.0,0.01,0.0,0.75,0.0,0.0,0.0,0.0,0.0,0.01,0.01,0.0,0.01,0.0,0.0,0.0,0.0,0.01,0.01,0.01,0.01,0.01,0.01,0.01,0.01,0.01,0.01,0.01,0.01,0.0,0.01,0.01,0.01,0.01,0.01,0.01,0.01,0.01,0.01,0.01,0.0,0.01,0.01,0.01,0.01,0.03,0.01,0.01,0.01,0.01,0.02,0.01,0.01,0.01,0.12,0.0,0.01,0.01,0.01,0.0,0.0,0.0,0.01,0.03,0.01,0.01,0.0,0.01,0.0,0.01,0.01,0.01,0.01,0.0,0.01,0.01,0.01,0.01,0.01,0.0,0.01,0.01,0.01,0.01,0.01,0.01,0.01,0.0,0.01,0.0,0.01,0.01,0.01,0.01,0.01,0.07,0.01,0.0,0.01,0.01,0.01,0.0,0.01,0.01,0.01,0.01,0.17,0.0,0.01,0.01,0.0,0.02,0.01,0.0,0.01,0.01,0.01,0.0,0.01,0.01,0.01,0.01,0.01,0.06,0.01,0.01,0.01,0.01,0.01,0.01,0.01,0.01,0.01,0.01,0.01,0.0,0.01,0.01,0.0,0.0,0.01,0.01,0.01,0.01,0.01,0.01,0.01,0.01,0.01,0.01,0.01,0.0,0.0,0.01,0.01,0.0,0.01,0.0,0.01,0.0,0.01,0.01,0.01,0.0,0.01,0.01,0.01,0.01,0.01,0.01,0.01,0.01,0.01,0.01,0.01,0.0,0.01,0.0,0.0,0.01,0.01,0.01,0.01,0.01,0.01,0.01,0.01,0.0,0.0,0.0,0.01,0.01,0.01,0.01,0.02,0.0,0.01,0.01,0.0,0.0,0.0,0.0,0.0,0.03,0.02,0.0,0.0,0.01,0.0,0.0,0.02
drawer,object,7,0.01,0.01,0.0,0.27,0.01,0.27,0.0,0.37,0.01,0.0,0.01,0.01,0.01,0.01,0.01,0.16,0.01,0.01,0.2,0.02,0.04,0.02,0.02,0.01,0.02,0.02,0.02,0.12,0.02,0.02,0.02,0.02,0.02,0.03,0.02,0.02,0.02,0.03,0.02,0.02,0.01,0.01,0.01,0.02,0.01,0.03,0.02,0.05,0.18,0.02,0.58,0.02,0.31,0.02,0.02,0.02,0.01,0.89,0.84,0.94,0.94,0.73,0.29,0.97,0.97,0.92,0.01,0.05,0.0,0.02,0.02,0.02,0.02,0.02,0.02,0.02,0.02,0.01,0.18,0.01,0.02,0.01,0.02,0.02,0.01,0.02,0.07,0.07,0.02,0.0,0.02,0.0,0.0,0.97,0.99,0.84,0.66,0.95,0.93,0.94,0.12,0.46,0.37,0.75,0.93,0.94,0.94,0.83,0.2,0.41,0.12,0.42,0.01,0.01,0.14,0.01,0.01,0.01,0.01,0.01,0.05,0.0,0.8,0.0,0.05,0.01,0.01,0.0,0.01,0.0,0.0,0.01,0.01,0.0,0.0,0.0,0.01,0.01,0.02,0.03,0.01,0.04,0.01,0.3,0.01,0.01,0.01,0.01,0.01,0.02,0.01,0.01,0.01,0.01,0.01,0.01,0.01,0.01,0.01,0.01,0.01,0.02,0.01,0.01,0.04,0.01,0.01,0.01,0.01,0.15,0.01,0.01,0.01,0.25,0.01,0.01,0.01,0.02,0.0,0.05,0.0,0.5,0.04,0.01,0.01,0.0,0.01,0.0,0.01,0.03,0.01,0.02,0.01,0.01,0.01,0.22,0.01,0.01,0.0,0.01,0.01,0.01,0.01,0.01,0.01,0.01,0.01,0.01,0.01,0.01,0.01,0.01,0.01,0.01,0.08,0.01,0.01,0.01,0.01,0.03,0.0,0.01,0.01,0.01,0.01,0.37,0.01,0.14,0.28,0.04,0.02,0.01,0.01,0.01,0.01,0.01,0.01,0.01,0.01,0.01,0.02,0.01,0.06,0.01,0.01,0.05,0.01,0.01,0.01,0.01,0.01,0.01,0.01,0.01,0.0,0.06,0.01,0.01,0.01,0.01,0.01,0.01,0.01,0.01,0.01,0.01,0.01,0.01,0.01,0.08,0.0,0.01,0.01,0.01,0.01,0.1,0.0,0.01,0.0,0.02,0.01,0.0,0.0,0.01,0.01,0.01,0.01,0.03,0.01,0.01,0.01,0.01,0.01,0.01,0.0,0.13,0.0,0.0,0.01,0.01,0.01,0.01,0.01,0.01,0.01,0.08,0.0,0.01,0.01,0.01,0.08,0.06,0.01,0.29,0.0,0.01,0.01,0.01,0.0,0.01,0.0,0.07,0.07,0.04,0.02,0.0,0.01,0.0,0.0,0.04
close,action,8,0.01,0.0,0.0,0.26,0.0,0.26,0.0,0.18,0.01,0.0,0.01,0.0,0.0,0.0,0.0,0.01,0.0,0.01,0.01,0.01,0.02,0.01,0.01,0.01,0.01,0.01,0.01,0.01,0.01,0.01,0.01,0.01,0.01,0.01,0.01,0.01,0.01,0.01,0.01,0.01,0.0,0.01,0.01,0.01,0.0,0.01,0.01,0.01,0.01,0.01,0.01,0.01,0.01,0.01,0.01,0.01,0.01,0.03,0.03,0.03,0.03,0.01,0.01,0.9,0.9,0.86,0.01,0.01,0.0,0.01,0.01,0.01,0.01,0.01,0.01,0.01,0.01,0.01,0.01,0.01,0.01,0.01,0.01,0.01,0.01,0.01,0.0,0.0,0.0,0.0,0.0,0.0,0.0,0.07,0.34,0.03,0.01,0.01,0.01,0.01,0.11,0.24,0.18,0.69,0.03,0.03,0.03,0.01,0.01,0.38,0.11,0.39,0.01,0.01,0.07,0.01,0.0,0.01,0.01,0.01,0.05,0.0,0.03,0.0,0.0,0.0,0.0,0.0,0.01,0.0,0.0,0.01,0.0,0.0,0.0,0.0,0.01,0.01,0.01,0.03,0.01,0.01,0.01,0.01,0.01,0.01,0.01,0.01,0.0,0.01,0.01,0.01,0.01,0.01,0.01,0.01,0.01,0.01,0.01,0.0,0.01,0.01,0.01,0.01,0.02,0.01,0.01,0.01,0.01,0.14,0.01,0.01,0.01,0.13,0.0,0.01,0.01,0.01,0.0,0.0,0.0,0.01,0.02,0.01,0.01,0.0,0.01,0.0,0.01,0.01,0.01,0.01,0.0,0.01,0.01,0.01,0.01,0.01,0.0,0.01,0.01,0.01,0.01,0.01,0.01,0.01,0.01,0.01,0.0,0.01,0.01,0.01,0.01,0.01,0.01,0.01,0.0,0.01,0.01,0.01,0.0,0.01,0.01,0.01,0.01,0.19,0.0,0.01,0.01,0.0,0.0,0.01,0.0,0.01,0.01,0.01,0.0,0.01,0.01,0.01,0.02,0.01,0.01,0.01,0.01,0.01,0.01,0.01,0.01,0.01,0.01,0.01,0.01,0.01,0.0,0.05,0.01,0.0,0.0,0.01,0.01,0.01,0.01,0.01,0.01,0.01,0.01,0.01,0.01,0.08,0.0,0.0,0.01,0.01,0.0,0.01,0.0,0.01,0.0,0.01,0.01,0.01,0.0,0.01,0.01,0.01,0.01,0.03,0.01,0.01,0.01,0.01,0.01,0.01,0.0,0.12,0.0,0.0,0.01,0.01,0.01,0.01,0.01,0.01,0.01,0.01,0.0,0.0,0.0,0.01,0.07,0.06,0.01,0.27,0.0,0.01,0.01,0.0,0.0,0.0,0.0,0.0,0.04,0.02,0.0,0.0,0.01,0.0,0.0,0.02
front peeler,object,9,0.0,0.0,0.0,0.0,0.0,0.0,0.0,0.0,0.01,0.01,0.0,0.0,0.0,0.0,0.0,0.0,0.0,0.0,0.06,0.01,0.01,0.01,0.01,0.01,0.01,0.01,0.01,0.04,0.01,0.01,0.01,0.02,0.01,0.01,0.01,0.01,0.01,0.01,0.01,0.01,0.0,0.0,0.01,0.0,0.0,0.01,0.01,0.01,0.01,0.01,0.14,0.01,0.02,0.01,0.01,0.01,0.0,0.01,0.01,0.01,0.01,0.63,0.08,0.01,0.01,0.01,0.0,0.02,0.02,0.01,0.02,0.01,0.02,0.01,0.01,0.01,0.01,0.01,0.06,0.03,0.01,0.01,0.01,0.01,0.01,0.01,0.02,0.01,0.05,0.0,0.01,0.0,0.0,0.01,0.01,0.02,0.03,0.04,0.03,0.04,0.01,0.01,0.0,0.01,0.01,0.01,0.01,0.05,0.06,0.01,0.01,0.0,0.01,0.04,0.0,0.01,0.0,0.01,0.0,0.01,0.01,0.01,0.01,0.01,0.02,0.0,0.06,0.01,0.01,0.01,0.24,0.01,0.0,0.0,0.0,0.0,0.0,0.01,0.01,0.01,0.01,0.04,0.01,0.09,0.01,0.01,0.01,0.01,0.01,0.01,0.01,0.01,0.01,0.01,0.01,0.01,0.01,0.01,0.01,0.01,0.01,0.01,0.01,0.01,0.01,0.01,0.0,0.0,0.01,0.01,0.01,0.01,0.01,0.01,0.01,0.01,0.01,0.01,0.01,0.02,0.01,0.14,0.01,0.01,0.01,0.0,0.01,0.01,0.01,0.01,0.01,0.01,0.0,0.01,0.01,0.06,0.01,0.01,0.01,0.01,0.01,0.01,0.01,0.01,0.01,0.01,0.0,0.03,0.06,0.01,0.01,0.01,0.01,0.01,0.0,0.01,0.0,0.01,0.01,0.03,0.01,0.01,0.01,0.01,0.0,0.0,0.0,0.04,0.01,0.01,0.0,0.01,0.0,0.01,0.01,0.01,0.03,0.01,0.0,0.01,0.01,0.01,0.01,0.01,0.01,0.02,0.01,0.01,0.01,0.01,0.01,0.01,0.01,0.01,0.0,0.01,0.0,0.0,0.0,0.01,0.01,0.01,0.01,0.01,0.01,0.01,0.01,0.01,0.01,0.01,0.0,0.0,0.0,0.0,0.0,0.03,0.02,0.01,0.0,0.03,0.01,0.0,0.0,0.01,0.01,0.01,0.01,0.01,0.01,0.01,0.01,0.01,0.01,0.01,0.0,0.01,0.0,0.0,0.01,0.01,0.01,0.01,0.01,0.01,0.01,0.03,0.0,0.0,0.0,0.01,0.01,0.01,0.0,0.0,0.0,0.0,0.01,0.0,0.01,0.0,0.0,0.08,0.0,0.0,0.01,0.0,0.01,0.0,0.0,0.0
counter,location,10,0.0,0.0,0.08,0.0,0.0,0.0,0.0,0.0,0.01,0.0,0.0,0.0,0.0,0.0,0.0,0.0,0.07,0.0,0.0,0.01,0.01,0.01,0.01,0.0,0.01,0.01,0.01,0.01,0.01,0.01,0.01,0.01,0.01,0.01,0.01,0.01,0.01,0.01,0.02,0.01,0.0,0.0,0.01,0.04,0.0,0.01,0.01,0.01,0.01,0.01,0.01,0.01,0.01,0.01,0.01,0.01,0.0,0.02,0.01,0.01,0.01,0.01,0.01,0.01,0.01,0.01,0.01,0.0,0.0,0.01,0.01,0.01,0.01,0.01,0.01,0.01,0.01,0.0,0.01,0.01,0.01,0.0,0.01,0.01,0.0,0.01,0.06,0.73,0.71,0.62,0.69,0.72,0.09,0.01,0.01,0.02,0.01,0.01,0.02,0.01,0.01,0.01,0.0,0.01,0.01,0.01,0.01,0.01,0.0,0.01,0.01,0.08,0.0,0.0,0.04,0.03,0.0,0.06,0.0,0.01,0.0,0.0,0.01,0.0,0.0,0.0,0.0,0.0,0.01,0.01,0.0,0.01,0.0,0.03,0.66,0.69,0.0,0.01,0.01,0.02,0.01,0.01,0.01,0.01,0.01,0.01,0.01,0.01,0.0,0.0,0.01,0.01,0.01,0.01,0.01,0.01,0.01,0.01,0.01,0.0,0.01,0.01,0.01,0.01,0.01,0.01,0.0,0.0,0.01,0.01,0.01,0.01,0.01,0.01,0.01,0.01,0.01,0.01,0.03,0.04,0.63,0.03,0.01,0.01,0.01,0.0,0.01,0.0,0.01,0.01,0.01,0.01,0.01,0.01,0.01,0.01,0.01,0.01,0.0,0.01,0.01,0.01,0.01,0.01,0.01,0.01,0.0,0.0,0.0,0.0,0.01,0.01,0.01,0.01,0.0,0.01,0.0,0.01,0.01,0.01,0.0,0.01,0.01,0.01,0.0,0.0,0.0,0.01,0.0,0.04,0.04,0.01,0.05,0.01,0.01,0.01,0.0,0.01,0.0,0.01,0.01,0.01,0.01,0.01,0.01,0.01,0.01,0.01,0.01,0.01,0.01,0.01,0.01,0.01,0.0,0.0,0.01,0.0,0.0,0.01,0.01,0.01,0.01,0.01,0.01,0.01,0.01,0.01,0.01,0.0,0.0,0.0,0.0,0.0,0.0,0.01,0.0,0.01,0.03,0.0,0.01,0.0,0.0,0.01,0.01,0.01,0.01,0.01,0.01,0.01,0.01,0.01,0.01,0.01,0.0,0.0,0.0,0.0,0.01,0.01,0.01,0.01,0.01,0.01,0.01,0.04,0.0,0.0,0.0,0.01,0.01,0.04,0.0,0.06,0.03,0.0,0.01,0.16,0.0,0.01,0.04,0.03,0.03,0.03,0.03,0.03,0.02,0.11,0.03,0.03
wash,action,11,0.04,0.04,0.01,0.01,0.01,0.01,0.01,0.01,0.01,0.16,0.01,0.01,0.01,0.01,0.01,0.02,0.01,0.04,0.01,0.01,0.01,0.01,0.01,0.01,0.01,0.01,0.01,0.01,0.01,0.01,0.01,0.01,0.01,0.01,0.01,0.01,0.01,0.01,0.01,0.01,0.01,0.01,0.01,0.02,0.01,0.01,0.01,0.01,0.01,0.01,0.01,0.01,0.01,0.01,0.01,0.01,0.01,0.01,0.01,0.01,0.01,0.01,0.06,0.01,0.01,0.01,0.04,0.16,0.63,0.01,0.01,0.01,0.01,0.01,0.01,0.01,0.08,0.01,0.01,0.01,0.01,0.01,0.01,0.01,0.01,0.01,0.0,0.01,0.0,0.0,0.0,0.0,0.0,0.01,0.01,0.01,0.01,0.01,0.01,0.01,0.02,0.01,0.01,0.01,0.01,0.01,0.01,0.01,0.01,0.01,0.01,0.01,0.01,0.01,0.0,0.01,0.01,0.01,0.01,0.42,0.54,0.74,0.13,0.55,0.53,0.01,0.01,0.56,0.44,0.15,0.61,0.01,0.01,0.0,0.0,0.0,0.01,0.01,0.01,0.01,0.01,0.01,0.01,0.01,0.01,0.01,0.01,0.01,0.05,0.01,0.01,0.01,0.01,0.01,0.01,0.01,0.01,0.01,0.01,0.05,0.01,0.01,0.01,0.01,0.01,0.01,0.0,0.01,0.01,0.01,0.01,0.01,0.01,0.01,0.0,0.01,0.01,0.01,0.28,0.0,0.12,0.01,0.01,0.01,0.01,0.01,0.01,0.06,0.01,0.01,0.01,0.01,0.01,0.01,0.01,0.01,0.01,0.01,0.17,0.01,0.01,0.01,0.01,0.01,0.01,0.01,0.02,0.01,0.01,0.03,0.01,0.01,0.01,0.01,0.01,0.01,0.01,0.01,0.01,0.01,0.07,0.01,0.01,0.01,0.01,0.0,0.01,0.01,0.01,0.0,0.0,0.01,0.01,0.01,0.01,0.01,0.01,0.01,0.01,0.01,0.01,0.01,0.01,0.01,0.01,0.01,0.01,0.01,0.01,0.01,0.01,0.01,0.01,0.01,0.01,0.58,0.01,0.01,0.01,0.01,0.01,0.01,0.01,0.01,0.01,0.01,0.01,0.01,0.01,0.01,0.01,0.04,0.0,0.01,0.01,0.01,0.63,0.01,0.06,0.03,0.01,0.03,0.01,0.01,0.01,0.01,0.01,0.01,0.01,0.01,0.01,0.01,0.01,0.01,0.02,0.01,0.01,0.01,0.01,0.01,0.01,0.01,0.01,0.01,0.01,0.01,0.01,0.01,0.01,0.01,0.01,0.01,0.01,0.01,0.0,0.01,0.02,0.0,0.52,0.01,0.0,0.01,0.01,0.0,0.01,0.0,0.01,0.0,0.0,0.0
cut,action,12,0.0,0.03,0.0,0.0,0.0,0.0,0.0,0.0,0.0,0.01,0.0,0.0,0.0,0.0,0.0,0.0,0.0,0.0,0.0,0.0,0.01,0.0,0.01,0.03,0.01,0.01,0.06,0.01,0.0,0.05,0.01,0.02,0.0,0.06,0.01,0.01,0.01,0.05,0.0,0.01,0.0,0.0,0.0,0.0,0.0,0.02,0.0,0.0,0.0,0.0,0.0,0.0,0.0,0.0,0.0,0.0,0.14,0.08,0.0,0.0,0.0,0.18,0.04,0.0,0.0,0.06,0.0,0.0,0.0,0.13,0.0,0.0,0.0,0.0,0.0,0.0,0.0,0.0,0.0,0.53,0.0,0.0,0.0,0.0,0.0,0.0,0.0,0.0,0.0,0.0,0.0,0.01,0.0,0.0,0.0,0.0,0.0,0.0,0.0,0.0,0.42,0.0,0.0,0.0,0.0,0.0,0.0,0.0,0.0,0.03,0.0,0.05,0.44,0.29,0.03,0.02,0.0,0.0,0.0,0.3,0.01,0.03,0.0,0.01,0.0,0.0,0.01,0.01,0.01,0.0,0.02,0.58,0.03,0.01,0.01,0.0,0.0,0.0,0.0,0.01,0.0,0.01,0.0,0.0,0.06,0.0,0.0,0.0,0.0,0.0,0.0,0.16,0.0,0.0,0.0,0.0,0.0,0.0,0.0,0.0,0.0,0.0,0.0,0.0,0.0,0.0,0.0,0.0,0.0,0.0,0.0,0.0,0.0,0.0,0.0,0.64,0.0,0.0,0.1,0.06,0.1,0.03,0.0,0.0,0.0,0.03,0.0,0.0,0.0,0.0,0.0,0.0,0.0,0.0,0.0,0.0,0.0,0.0,0.0,0.0,0.0,0.0,0.0,0.0,0.0,0.0,0.01,0.05,0.01,0.0,0.0,0.0,0.0,0.0,0.02,0.0,0.03,0.0,0.0,0.0,0.0,0.0,0.0,0.0,0.0,0.0,0.0,0.23,0.0,0.03,0.19,0.58,0.0,0.99,1.0,1.0,0.04,0.99,0.0,1.0,0.96,0.87,0.53,0.83,0.97,0.93,0.99,1.0,0.93,0.99,1.0,1.0,1.0,1.0,0.01,0.0,0.0,0.0,0.0,0.8,0.93,0.99,0.84,0.99,0.98,0.99,0.83,0.99,0.4,0.27,0.01,0.11,0.01,0.0,0.0,0.0,0.0,0.96,0.01,0.28,1.0,0.0,0.01,0.03,0.99,1.0,1.0,0.74,0.97,0.98,0.96,1.0,0.98,0.96,0.01,0.0,0.01,0.01,1.0,1.0,1.0,0.98,0.99,0.99,0.99,0.0,0.01,0.01,0.03,0.58,0.39,0.01,0.18,0.03,0.23,0.24,0.99,0.05,0.01,0.0,0.0,0.0,0.0,0.0,0.0,0.23,0.51,0.03,0.01,0.0
move,action,13,0.01,0.03,0.24,0.01,0.01,0.01,0.0,0.01,0.01,0.0,0.01,0.0,0.0,0.0,0.0,0.0,0.06,0.01,0.01,0.01,0.01,0.1,0.01,0.03,0.01,0.01,0.01,0.02,0.01,0.01,0.01,0.01,0.01,0.01,0.01,0.01,0.01,0.01,0.17,0.01,0.01,0.02,0.01,0.03,0.01,0.01,0.01,0.01,0.01,0.01,0.01,0.01,0.01,0.01,0.01,0.01,0.0,0.01,0.01,0.01,0.01,0.01,0.06,0.01,0.01,0.01,0.01,0.01,0.0,0.01,0.01,0.01,0.01,0.01,0.01,0.01,0.01,0.02,0.01,0.01,0.01,0.01,0.01,0.01,0.01,0.01,0.03,0.78,0.84,0.73,0.87,0.92,0.12,0.01,0.01,0.03,0.01,0.01,0.02,0.01,0.05,0.01,0.01,0.01,0.01,0.01,0.01,0.01,0.0,0.01,0.01,0.14,0.01,0.03,0.66,0.38,0.01,0.03,0.01,0.04,0.01,0.01,0.01,0.01,0.01,0.01,0.01,0.01,0.02,0.16,0.01,0.04,0.02,0.6,0.84,0.88,0.01,0.01,0.01,0.04,0.01,0.01,0.01,0.01,0.01,0.01,0.01,0.01,0.01,0.01,0.01,0.01,0.01,0.01,0.01,0.01,0.01,0.01,0.01,0.01,0.01,0.01,0.01,0.01,0.01,0.01,0.0,0.01,0.01,0.01,0.01,0.01,0.01,0.01,0.1,0.02,0.01,0.01,0.67,0.75,0.81,0.39,0.01,0.01,0.01,0.02,0.01,0.01,0.01,0.01,0.01,0.01,0.05,0.01,0.01,0.01,0.01,0.01,0.01,0.01,0.01,0.01,0.01,0.01,0.01,0.01,0.02,0.01,0.01,0.01,0.01,0.01,0.01,0.01,0.03,0.01,0.02,0.01,0.01,0.01,0.01,0.01,0.06,0.01,0.0,0.01,0.01,0.01,0.01,0.69,0.68,0.04,0.01,0.01,0.01,0.01,0.03,0.01,0.01,0.01,0.01,0.01,0.04,0.01,0.01,0.01,0.01,0.01,0.01,0.01,0.01,0.01,0.01,0.01,0.01,0.01,0.01,0.01,0.0,0.01,0.01,0.01,0.01,0.01,0.01,0.01,0.01,0.01,0.01,0.01,0.01,0.01,0.01,0.0,0.0,0.01,0.0,0.01,0.44,0.09,0.01,0.01,0.03,0.01,0.01,0.01,0.01,0.01,0.01,0.01,0.01,0.01,0.01,0.01,0.03,0.01,0.01,0.01,0.01,0.01,0.01,0.01,0.01,0.01,0.01,0.02,0.01,0.01,0.02,0.04,0.04,0.6,0.02,0.07,0.64,0.04,0.01,0.66,0.02,0.04,0.74,0.47,0.4,0.67,0.52,0.64,0.26,0.22,0.6,0.67
cutting board,object,14,0.01,0.03,0.06,0.01,0.01,0.01,0.01,0.01,0.01,0.19,0.01,0.01,0.01,0.01,0.01,0.01,0.01,0.0,0.04,0.01,0.01,0.02,0.01,0.02,0.01,0.01,0.03,0.02,0.01,0.02,0.01,0.02,0.01,0.03,0.01,0.01,0.01,0.03,0.02,0.01,0.01,0.01,0.01,0.01,0.01,0.03,0.01,0.05,0.01,0.01,0.03,0.01,0.03,0.01,0.01,0.01,0.07,0.04,0.01,0.01,0.01,0.19,0.06,0.01,0.01,0.07,0.05,0.01,0.0,0.07,0.01,0.01,0.01,0.01,0.01,0.01,0.01,0.01,0.03,0.27,0.01,0.01,0.01,0.01,0.01,0.01,0.02,0.44,0.03,0.03,0.04,0.06,0.01,0.01,0.01,0.02,0.02,0.02,0.02,0.02,0.63,0.01,0.01,0.01,0.01,0.01,0.01,0.7,0.04,0.24,0.01,0.26,0.2,0.51,0.6,0.32,0.01,0.01,0.0,0.41,0.02,0.02,0.01,0.01,0.01,0.01,0.01,0.01,0.02,0.01,0.02,0.72,0.02,0.04,0.04,0.04,0.01,0.01,0.01,0.06,0.01,0.02,0.01,0.02,0.08,0.01,0.01,0.01,0.01,0.01,0.01,0.03,0.01,0.01,0.01,0.01,0.01,0.01,0.01,0.01,0.01,0.01,0.01,0.01,0.01,0.01,0.0,0.01,0.01,0.02,0.01,0.01,0.01,0.02,0.01,0.04,0.01,0.01,0.8,0.76,0.79,0.39,0.01,0.01,0.01,0.02,0.01,0.01,0.01,0.01,0.01,0.01,0.01,0.01,0.01,0.04,0.01,0.01,0.01,0.01,0.01,0.01,0.01,0.01,0.01,0.01,0.01,0.03,0.01,0.01,0.01,0.01,0.01,0.01,0.02,0.01,0.02,0.01,0.01,0.01,0.01,0.01,0.01,0.01,0.01,0.01,0.01,0.11,0.03,0.74,0.83,0.72,0.01,0.84,0.84,0.99,0.03,0.68,0.01,0.9,0.89,0.88,0.69,0.13,0.83,0.8,0.85,0.9,0.79,0.85,0.85,0.85,0.85,0.85,0.01,0.01,0.04,0.01,0.01,0.13,0.92,0.84,0.71,0.84,0.84,0.85,0.13,0.84,0.03,0.08,0.01,0.51,0.01,0.01,0.01,0.02,0.0,0.93,0.02,0.14,0.85,0.01,0.01,0.02,0.84,0.85,0.88,0.2,0.95,0.83,0.17,0.78,0.84,0.9,0.01,0.01,0.01,0.01,0.85,0.89,0.85,0.91,0.84,0.9,0.84,0.02,0.01,0.01,0.02,0.72,0.69,0.69,0.44,0.38,0.82,0.54,0.84,0.53,0.04,0.01,0.03,0.04,0.02,0.04,0.04,0.82,0.1,0.02,0.04,0.03
knife,object,15,0.06,0.02,0.0,0.0,0.0,0.0,0.07,0.01,0.01,0.03,0.0,0.0,0.0,0.0,0.0,0.0,0.0,0.0,0.01,0.01,0.01,0.01,0.01,0.01,0.01,0.01,0.01,0.01,0.01,0.01,0.01,0.01,0.01,0.01,0.01,0.01,0.01,0.01,0.01,0.01,0.0,0.0,0.01,0.01,0.0,0.03,0.01,0.02,0.01,0.01,0.14,0.01,0.32,0.01,0.01,0.01,0.0,0.01,0.01,0.01,0.01,0.05,0.02,0.01,0.01,0.01,0.0,0.01,0.01,0.01,0.01,0.01,0.01,0.01,0.01,0.01,0.01,0.01,0.04,0.01,0.01,0.01,0.01,0.02,0.01,0.01,0.04,0.01,0.0,0.0,0.24,0.07,0.01,0.01,0.01,0.01,0.65,0.92,0.9,0.92,0.01,0.01,0.01,0.01,0.01,0.01,0.01,0.04,0.06,0.1,0.01,0.01,0.01,0.12,0.23,0.12,0.0,0.01,0.0,0.02,0.01,0.35,0.02,0.01,0.01,0.0,0.0,0.01,0.02,0.01,0.01,0.01,0.01,0.02,0.01,0.01,0.01,0.01,0.01,0.01,0.01,0.01,0.01,0.02,0.01,0.01,0.01,0.01,0.01,0.01,0.01,0.01,0.01,0.01,0.01,0.01,0.01,0.01,0.01,0.01,0.01,0.01,0.01,0.01,0.01,0.01,0.0,0.01,0.01,0.01,0.01,0.01,0.01,0.02,0.03,0.07,0.01,0.01,0.07,0.02,0.07,0.04,0.01,0.01,0.01,0.01,0.01,0.01,0.01,0.01,0.01,0.01,0.01,0.01,0.02,0.03,0.01,0.01,0.05,0.01,0.01,0.01,0.01,0.01,0.01,0.01,0.06,0.01,0.0,0.01,0.01,0.01,0.01,0.01,0.01,0.01,0.01,0.01,0.01,0.01,0.01,0.02,0.01,0.01,0.07,0.01,0.0,0.01,0.31,0.15,0.02,0.01,0.05,0.01,0.01,0.01,0.01,0.01,0.05,0.01,0.01,0.08,0.01,0.01,0.01,0.01,0.01,0.01,0.01,0.01,0.01,0.01,0.01,0.01,0.73,0.19,0.0,0.0,0.07,0.01,0.01,0.01,0.01,0.01,0.01,0.01,0.01,0.01,0.41,0.53,0.74,0.7,0.07,0.56,0.07,0.46,0.01,0.01,0.0,0.05,0.01,0.77,0.22,0.19,0.01,0.01,0.01,0.01,0.01,0.01,0.01,0.01,0.01,0.01,0.22,0.65,0.73,0.73,0.01,0.01,0.01,0.01,0.01,0.01,0.01,0.41,0.73,0.21,0.01,0.01,0.01,0.02,0.01,0.07,0.02,0.16,0.01,0.01,0.01,0.01,0.06,0.01,0.0,0.02,0.01,0.02,0.01,0.01,0.02,0.01
scratch off,action,16,0.05,0.02,0.0,0.01,0.01,0.01,0.1,0.01,0.01,0.19,0.01,0.01,0.01,0.01,0.01,0.01,0.01,0.01,0.01,0.01,0.01,0.01,0.01,0.01,0.01,0.01,0.01,0.01,0.01,0.01,0.01,0.01,0.01,0.01,0.01,0.01,0.01,0.01,0.01,0.01,0.01,0.01,0.01,0.01,0.01,0.01,0.01,0.01,0.01,0.01,0.01,0.01,0.01,0.01,0.01,0.01,0.01,0.01,0.01,0.01,0.01,0.01,0.02,0.01,0.01,0.01,0.01,0.01,0.0,0.01,0.01,0.01,0.01,0.01,0.01,0.01,0.01,0.01,0.06,0.01,0.01,0.01,0.01,0.01,0.01,0.01,0.07,0.01,0.0,0.01,0.2,0.01,0.01,0.01,0.01,0.01,0.02,0.01,0.01,0.01,0.04,0.01,0.01,0.01,0.01,0.01,0.01,0.01,0.08,0.02,0.01,0.02,0.01,0.02,0.02,0.03,0.01,0.01,0.01,0.02,0.01,0.36,0.02,0.01,0.01,0.01,0.01,0.01,0.02,0.01,0.01,0.02,0.01,0.02,0.01,0.01,0.01,0.01,0.01,0.01,0.01,0.01,0.01,0.01,0.01,0.01,0.01,0.01,0.01,0.01,0.01,0.01,0.01,0.01,0.01,0.01,0.01,0.01,0.01,0.01,0.01,0.01,0.01,0.01,0.01,0.01,0.01,0.01,0.01,0.01,0.01,0.01,0.01,0.03,0.02,0.06,0.01,0.01,0.02,0.03,0.02,0.02,0.01,0.01,0.01,0.01,0.01,0.01,0.01,0.01,0.01,0.01,0.01,0.01,0.02,0.01,0.01,0.01,0.04,0.01,0.01,0.01,0.01,0.01,0.01,0.01,0.01,0.01,0.01,0.01,0.01,0.01,0.01,0.01,0.01,0.01,0.01,0.01,0.01,0.01,0.01,0.02,0.01,0.01,0.1,0.01,0.01,0.01,0.01,0.16,0.02,0.02,0.08,0.01,0.01,0.01,0.01,0.01,0.04,0.01,0.01,0.09,0.02,0.01,0.01,0.01,0.01,0.01,0.01,0.01,0.01,0.01,0.01,0.01,0.73,0.16,0.01,0.01,0.1,0.01,0.01,0.01,0.01,0.01,0.01,0.01,0.01,0.01,0.41,0.52,0.73,0.73,0.0,0.56,0.1,0.45,0.0,0.01,0.01,0.02,0.01,0.76,0.19,0.19,0.01,0.01,0.01,0.01,0.01,0.02,0.01,0.01,0.01,0.01,0.19,0.65,0.73,0.73,0.01,0.01,0.01,0.01,0.01,0.01,0.01,0.42,0.73,0.22,0.01,0.02,0.02,0.02,0.02,0.19,0.02,0.17,0.01,0.02,0.01,0.01,0.02,0.01,0.01,0.02,0.01,0.02,0.01,0.01,0.02,0.01
bowl,object,17,0.08,0.01,0.0,0.0,0.0,0.0,0.0,0.01,0.01,0.2,0.01,0.0,0.0,0.0,0.02,0.01,0.0,0.18,0.07,0.04,0.04,0.04,0.04,0.01,0.04,0.04,0.04,0.05,0.04,0.04,0.04,0.04,0.04,0.04,0.04,0.04,0.04,0.03,0.03,0.04,0.0,0.01,0.01,0.07,0.0,0.04,0.04,0.04,0.01,0.04,0.19,0.04,0.02,0.04,0.04,0.04,0.0,0.01,0.01,0.01,0.02,0.06,0.11,0.01,0.01,0.01,0.08,0.12,0.03,0.03,0.04,0.04,0.04,0.04,0.04,0.04,0.04,0.01,0.07,0.01,0.04,0.01,0.04,0.03,0.02,0.04,0.1,0.01,0.0,0.0,0.01,0.0,0.0,0.01,0.01,0.02,0.03,0.04,0.04,0.04,0.01,0.01,0.01,0.01,0.01,0.01,0.01,0.05,0.07,0.01,0.03,0.0,0.01,0.0,0.0,0.01,0.0,0.01,0.0,0.02,0.03,0.04,0.01,0.03,0.04,0.0,0.0,0.03,0.03,0.01,0.03,0.01,0.0,0.0,0.14,0.15,0.0,0.01,0.01,0.01,0.01,0.01,0.01,0.11,0.01,0.01,0.01,0.01,0.01,0.01,0.01,0.01,0.01,0.01,0.01,0.01,0.01,0.01,0.01,0.01,0.01,0.01,0.01,0.01,0.01,0.01,0.06,0.0,0.01,0.01,0.01,0.01,0.01,0.01,0.03,0.01,0.01,0.01,0.01,0.02,0.01,0.18,0.01,0.01,0.01,0.0,0.01,0.04,0.01,0.06,0.01,0.01,0.01,0.01,0.01,0.08,0.01,0.01,0.12,0.01,0.01,0.01,0.01,0.01,0.01,0.01,0.0,0.0,0.0,0.33,0.01,0.01,0.01,0.01,0.0,0.01,0.0,0.01,0.01,0.01,0.01,0.01,0.01,0.01,0.01,0.07,0.0,0.06,0.01,0.03,0.0,0.01,0.02,0.01,0.01,0.01,0.0,0.01,0.01,0.01,0.01,0.01,0.01,0.02,0.01,0.02,0.01,0.01,0.01,0.01,0.01,0.01,0.01,0.01,0.0,0.03,0.0,0.0,0.0,0.01,0.01,0.01,0.01,0.01,0.01,0.01,0.01,0.01,0.01,0.01,0.0,0.08,0.1,0.0,0.0,0.04,0.03,0.01,0.07,0.01,0.01,0.07,0.0,0.01,0.01,0.01,0.01,0.01,0.01,0.01,0.01,0.01,0.01,0.01,0.0,0.01,0.0,0.0,0.01,0.01,0.01,0.01,0.01,0.01,0.01,0.04,0.0,0.0,0.0,0.01,0.02,0.01,0.0,0.01,0.0,0.0,0.01,0.0,0.03,0.01,0.0,0.01,0.0,0.0,0.01,0.0,0.01,0.12,0.0,0.14
fridge,location,18,0.01,0.02,0.01,0.01,0.01,0.01,0.06,0.01,0.01,0.0,0.01,0.01,0.01,0.01,0.01,0.01,0.01,0.02,0.0,0.01,0.01,0.01,0.01,0.01,0.01,0.01,0.06,0.1,0.01,0.06,0.01,0.01,0.01,0.02,0.01,0.01,0.01,0.05,0.03,0.01,0.01,0.03,0.01,0.01,0.01,0.02,0.01,0.0,0.01,0.01,0.0,0.01,0.13,0.01,0.01,0.01,0.16,0.01,0.12,0.01,0.01,0.06,0.08,0.01,0.01,0.01,0.01,0.03,0.01,0.03,0.01,0.01,0.01,0.01,0.01,0.01,0.01,0.0,0.11,0.01,0.01,0.0,0.01,0.26,0.0,0.01,0.0,0.09,0.01,0.0,0.02,0.01,0.01,0.01,0.01,0.01,0.01,0.0,0.0,0.0,0.01,0.01,0.01,0.01,0.01,0.01,0.01,0.01,0.0,0.09,0.01,0.01,0.01,0.05,0.01,0.01,0.01,0.01,0.01,0.02,0.0,0.01,0.01,0.01,0.0,0.01,0.01,0.01,0.01,0.0,0.01,0.01,0.01,0.01,0.01,0.0,0.01,0.01,0.02,0.01,0.01,0.57,0.01,0.01,0.01,0.01,0.01,0.01,0.01,0.01,0.01,0.01,0.01,0.01,0.03,0.01,0.01,0.01,0.01,0.01,0.01,0.01,0.01,0.01,0.01,0.01,0.02,0.01,0.01,0.01,0.01,0.01,0.01,0.01,0.01,0.01,0.01,0.02,0.01,0.01,0.01,0.02,0.01,0.01,0.01,0.04,0.01,0.01,0.01,0.02,0.01,0.01,0.01,0.01,0.01,0.09,0.01,0.01,0.01,0.01,0.01,0.01,0.01,0.01,0.01,0.01,0.03,0.01,0.01,0.0,0.01,0.01,0.01,0.01,0.01,0.01,0.01,0.01,0.01,0.02,0.01,0.01,0.01,0.01,0.01,0.01,0.01,0.1,0.05,0.0,0.01,0.01,0.01,0.01,0.01,0.01,0.01,0.01,0.0,0.01,0.01,0.01,0.01,0.01,0.01,0.03,0.01,0.01,0.01,0.01,0.01,0.01,0.01,0.01,0.01,0.0,0.01,0.01,0.01,0.01,0.01,0.01,0.01,0.01,0.01,0.01,0.01,0.01,0.01,0.01,0.01,0.01,0.01,0.01,0.01,0.08,0.01,0.01,0.01,0.03,0.01,0.03,0.01,0.01,0.01,0.01,0.01,0.01,0.01,0.01,0.01,0.01,0.01,0.01,0.01,0.01,0.01,0.01,0.01,0.01,0.01,0.01,0.01,0.01,0.01,0.05,0.01,0.01,0.01,0.01,0.01,0.01,0.01,0.01,0.01,0.01,0.01,0.07,0.01,0.01,0.03,0.06,0.01,0.0,0.13,0.01,0.01,0.01,0.01,0.0
bundle,object,19,0.0,0.0,0.0,0.0,0.0,0.0,0.06,0.0,0.01,0.0,0.0,0.0,0.0,0.0,0.0,0.0,0.0,0.02,0.0,0.01,0.01,0.01,0.01,0.01,0.01,0.01,0.01,0.02,0.01,0.01,0.01,0.01,0.01,0.01,0.01,0.01,0.01,0.01,0.04,0.01,0.0,0.02,0.01,0.0,0.0,0.01,0.01,0.01,0.01,0.01,0.01,0.01,0.02,0.01,0.01,0.01,0.12,0.01,0.02,0.01,0.01,0.01,0.01,0.01,0.01,0.01,0.0,0.01,0.0,0.04,0.01,0.01,0.01,0.01,0.01,0.01,0.01,0.0,0.02,0.01,0.01,0.0,0.01,0.04,0.01,0.01,0.0,0.01,0.0,0.0,0.0,0.0,0.0,0.01,0.01,0.01,0.01,0.01,0.01,0.01,0.01,0.01,0.0,0.01,0.01,0.01,0.01,0.01,0.0,0.02,0.01,0.0,0.01,0.05,0.0,0.01,0.0,0.01,0.0,0.02,0.0,0.0,0.01,0.0,0.0,0.0,0.0,0.0,0.01,0.0,0.0,0.01,0.0,0.0,0.0,0.0,0.0,0.01,0.01,0.01,0.01,0.01,0.01,0.01,0.01,0.01,0.01,0.01,0.0,0.01,0.01,0.01,0.01,0.01,0.01,0.01,0.01,0.01,0.01,0.0,0.01,0.01,0.01,0.01,0.01,0.01,0.01,0.0,0.01,0.0,0.01,0.01,0.01,0.01,0.0,0.01,0.01,0.01,0.0,0.0,0.0,0.02,0.01,0.01,0.01,0.04,0.01,0.01,0.01,0.01,0.01,0.01,0.0,0.01,0.01,0.02,0.01,0.01,0.0,0.01,0.01,0.01,0.01,0.01,0.01,0.01,0.03,0.0,0.0,0.01,0.01,0.01,0.01,0.01,0.0,0.01,0.0,0.01,0.01,0.01,0.01,0.01,0.01,0.01,0.0,0.0,0.0,0.02,0.05,0.0,0.0,0.01,0.0,0.01,0.01,0.01,0.0,0.01,0.0,0.01,0.01,0.01,0.01,0.01,0.01,0.01,0.01,0.01,0.01,0.01,0.01,0.01,0.01,0.01,0.0,0.0,0.0,0.0,0.0,0.01,0.01,0.01,0.01,0.01,0.01,0.01,0.01,0.01,0.01,0.01,0.0,0.0,0.0,0.0,0.0,0.01,0.0,0.01,0.0,0.01,0.01,0.03,0.0,0.01,0.01,0.01,0.01,0.01,0.01,0.01,0.01,0.01,0.01,0.01,0.0,0.0,0.0,0.0,0.01,0.01,0.01,0.01,0.01,0.01,0.01,0.01,0.0,0.0,0.0,0.01,0.01,0.0,0.0,0.0,0.0,0.0,0.01,0.01,0.0,0.0,0.02,0.01,0.0,0.0,0.12,0.0,0.01,0.0,0.0,0.0
cucumber,object,20,0.01,0.62,0.01,0.01,0.01,0.01,0.01,0.01,0.01,0.01,0.01,0.01,0.01,0.01,0.01,0.01,0.01,0.01,0.01,0.01,0.01,0.01,0.01,0.01,0.01,0.01,0.01,0.04,0.01,0.01,0.01,0.01,0.01,0.03,0.01,0.01,0.01,0.01,0.01,0.01,0.01,0.01,0.01,0.01,0.01,0.05,0.01,0.01,0.01,0.01,0.01,0.01,0.06,0.01,0.01,0.01,0.06,0.03,0.06,0.01,0.01,0.02,0.39,0.01,0.01,0.03,0.01,0.02,0.01,0.04,0.01,0.01,0.01,0.01,0.01,0.01,0.01,0.01,0.05,0.12,0.01,0.01,0.01,0.11,0.01,0.01,0.0,0.62,0.01,0.0,0.02,0.0,0.01,0.01,0.01,0.01,0.01,0.01,0.01,0.01,0.01,0.01,0.01,0.01,0.01,0.01,0.01,0.01,0.01,0.05,0.01,0.02,0.1,0.12,0.03,0.01,0.01,0.01,0.01,0.02,0.0,0.61,0.01,0.0,0.0,0.01,0.01,0.0,0.01,0.01,0.0,0.03,0.01,0.01,0.01,0.0,0.01,0.01,0.01,0.01,0.01,0.24,0.01,0.01,0.01,0.01,0.01,0.01,0.01,0.01,0.01,0.01,0.01,0.01,0.01,0.01,0.01,0.01,0.01,0.01,0.01,0.01,0.01,0.02,0.01,0.01,0.01,0.01,0.01,0.01,0.01,0.01,0.01,0.01,0.01,0.01,0.01,0.01,0.02,0.01,0.01,0.01,0.01,0.01,0.01,0.0,0.01,0.01,0.01,0.01,0.01,0.01,0.01,0.01,0.01,0.04,0.01,0.01,0.11,0.01,0.01,0.01,0.01,0.01,0.01,0.01,0.01,0.02,0.01,0.01,0.01,0.01,0.01,0.01,0.01,0.01,0.01,0.01,0.01,0.01,0.0,0.01,0.01,0.01,0.01,0.01,0.01,0.09,0.01,0.02,0.02,0.03,0.0,0.04,0.04,0.69,0.01,0.04,0.01,0.39,0.04,0.32,0.02,0.01,0.04,0.05,0.04,0.39,0.04,0.04,0.04,0.04,0.04,0.04,0.02,0.01,0.01,0.01,0.01,0.01,0.37,0.04,0.03,0.04,0.05,0.04,0.01,0.04,0.01,0.01,0.01,0.06,0.01,0.02,0.01,0.04,0.01,0.38,0.01,0.34,0.04,0.05,0.01,0.01,0.03,0.04,0.01,0.01,0.38,0.03,0.01,0.04,0.04,0.04,0.01,0.01,0.02,0.02,0.04,0.01,0.04,0.05,0.03,0.04,0.04,0.03,0.02,0.01,0.01,0.03,0.02,0.02,0.08,0.02,0.02,0.03,0.04,0.05,0.0,0.01,0.01,0.04,0.01,0.01,0.02,0.02,0.01,0.0,0.01,0.01
orange,object,21,0.0,0.0,0.0,0.0,0.0,0.0,0.0,0.0,0.01,0.0,0.0,0.0,0.0,0.0,0.0,0.0,0.0,0.0,0.0,0.01,0.01,0.01,0.01,0.01,0.01,0.01,0.01,0.01,0.01,0.01,0.01,0.01,0.01,0.01,0.01,0.01,0.01,0.01,0.01,0.01,0.0,0.0,0.01,0.0,0.0,0.01,0.01,0.01,0.01,0.01,0.01,0.01,0.01,0.01,0.01,0.01,0.0,0.01,0.01,0.01,0.01,0.01,0.01,0.01,0.01,0.01,0.0,0.0,0.0,0.01,0.01,0.01,0.01,0.01,0.01,0.01,0.01,0.0,0.01,0.01,0.01,0.0,0.01,0.01,0.01,0.01,0.0,0.0,0.0,0.0,0.0,0.0,0.0,0.01,0.01,0.01,0.01,0.01,0.01,0.01,0.01,0.01,0.0,0.01,0.01,0.01,0.01,0.01,0.0,0.01,0.01,0.01,0.01,0.0,0.0,0.01,0.0,0.01,0.0,0.0,0.0,0.0,0.01,0.0,0.0,0.0,0.0,0.0,0.01,0.0,0.0,0.01,0.0,0.0,0.0,0.0,0.0,0.01,0.01,0.01,0.01,0.01,0.01,0.01,0.01,0.01,0.01,0.01,0.0,0.01,0.01,0.01,0.01,0.01,0.01,0.01,0.01,0.01,0.01,0.0,0.01,0.01,0.01,0.01,0.01,0.01,0.0,0.0,0.01,0.01,0.01,0.01,0.01,0.01,0.0,0.01,0.01,0.01,0.0,0.0,0.0,0.01,0.01,0.01,0.01,0.0,0.01,0.0,0.01,0.01,0.01,0.01,0.0,0.01,0.01,0.01,0.01,0.01,0.0,0.01,0.01,0.01,0.01,0.01,0.01,0.01,0.0,0.0,0.0,0.01,0.01,0.01,0.01,0.01,0.0,0.01,0.0,0.01,0.01,0.01,0.0,0.01,0.01,0.01,0.0,0.0,0.0,0.01,0.0,0.0,0.0,0.01,0.0,0.01,0.01,0.01,0.0,0.01,0.0,0.01,0.01,0.01,0.01,0.01,0.01,0.01,0.01,0.01,0.01,0.01,0.01,0.01,0.01,0.01,0.0,0.0,0.0,0.0,0.0,0.01,0.01,0.01,0.01,0.01,0.01,0.01,0.01,0.01,0.01,0.01,0.0,0.0,0.0,0.0,0.0,0.01,0.0,0.01,0.0,0.0,0.01,0.0,0.0,0.01,0.01,0.01,0.01,0.01,0.01,0.01,0.01,0.01,0.01,0.01,0.0,0.0,0.0,0.0,0.01,0.01,0.01,0.01,0.01,0.01,0.01,0.0,0.0,0.0,0.0,0.01,0.01,0.0,0.0,0.01,0.0,0.0,0.01,0.0,0.0,0.0,0.0,0.0,0.0,0.0,0.0,0.0,0.01,0.0,0.0,0.0
carrot,object,22,0.02,0.01,0.01,0.01,0.01,0.01,0.01,0.01,0.18,0.17,0.02,0.01,0.01,0.01,0.01,0.01,0.01,0.01,0.01,0.01,0.01,0.01,0.01,0.01,0.01,0.01,0.08,0.04,0.01,0.08,0.01,0.01,0.01,0.01,0.01,0.01,0.01,0.07,0.01,0.01,0.01,0.01,0.02,0.14,0.01,0.01,0.01,0.01,0.01,0.01,0.01,0.01,0.06,0.01,0.01,0.01,0.06,0.03,0.04,0.01,0.01,0.24,0.23,0.01,0.01,0.04,0.02,0.08,0.03,0.05,0.03,0.01,0.01,0.01,0.01,0.01,0.01,0.01,0.05,0.16,0.01,0.01,0.01,0.1,0.01,0.01,0.03,0.01,0.01,0.06,0.01,0.01,0.01,0.01,0.01,0.07,0.06,0.01,0.01,0.01,0.7,0.02,0.01,0.04,0.01,0.01,0.01,0.01,0.01,0.06,0.02,0.03,0.13,0.15,0.02,0.76,0.01,0.02,0.01,0.06,0.03,0.02,0.01,0.03,0.03,0.01,0.01,0.03,0.04,0.01,0.03,0.03,0.01,0.01,0.05,0.03,0.11,0.01,0.02,0.02,0.01,0.44,0.01,0.01,0.02,0.01,0.01,0.01,0.01,0.01,0.01,0.01,0.01,0.01,0.01,0.01,0.01,0.01,0.01,0.01,0.01,0.01,0.01,0.01,0.01,0.01,0.12,0.21,0.01,0.16,0.01,0.01,0.01,0.12,0.01,0.01,0.01,0.02,0.06,0.02,0.06,0.01,0.01,0.01,0.01,0.01,0.01,0.01,0.01,0.02,0.01,0.01,0.01,0.01,0.01,0.04,0.01,0.01,0.01,0.01,0.01,0.01,0.01,0.01,0.01,0.01,0.01,0.19,0.01,0.01,0.01,0.01,0.01,0.01,0.01,0.01,0.01,0.01,0.01,0.02,0.01,0.01,0.01,0.01,0.02,0.02,0.01,0.11,0.01,0.01,0.02,0.03,0.0,0.05,0.05,0.3,0.01,0.05,0.01,0.01,0.05,0.4,0.03,0.01,0.06,0.05,0.05,0.01,0.05,0.05,0.05,0.05,0.05,0.05,0.01,0.03,0.02,0.01,0.01,0.01,0.46,0.05,0.04,0.05,0.05,0.05,0.01,0.05,0.01,0.01,0.01,0.01,0.03,0.01,0.01,0.04,0.03,0.48,0.33,0.01,0.05,0.02,0.01,0.46,0.03,0.05,0.33,0.01,0.48,0.03,0.08,0.05,0.05,0.05,0.01,0.01,0.01,0.01,0.05,0.33,0.05,0.06,0.03,0.05,0.05,0.02,0.01,0.01,0.01,0.03,0.03,0.02,0.1,0.03,0.02,0.02,0.05,0.04,0.03,0.01,0.01,0.02,0.01,0.01,0.01,0.02,0.01,0.02,0.01,0.03
sponge cloth,object,23,0.0,0.0,0.01,0.0,0.0,0.0,0.0,0.0,0.01,0.0,0.0,0.0,0.0,0.0,0.0,0.0,0.01,0.04,0.0,0.01,0.01,0.01,0.01,0.01,0.01,0.01,0.01,0.01,0.01,0.01,0.01,0.01,0.01,0.01,0.01,0.01,0.01,0.01,0.01,0.01,0.0,0.0,0.01,0.01,0.0,0.01,0.01,0.01,0.01,0.01,0.01,0.01,0.02,0.01,0.01,0.01,0.0,0.01,0.01,0.01,0.01,0.01,0.01,0.01,0.01,0.01,0.0,0.0,0.0,0.01,0.01,0.01,0.01,0.01,0.01,0.01,0.01,0.0,0.01,0.01,0.01,0.0,0.01,0.01,0.01,0.01,0.01,0.04,0.04,0.03,0.04,0.04,0.01,0.01,0.01,0.01,0.01,0.01,0.01,0.01,0.01,0.01,0.0,0.01,0.01,0.01,0.01,0.01,0.0,0.01,0.01,0.01,0.01,0.0,0.0,0.01,0.0,0.01,0.0,0.0,0.0,0.0,0.01,0.0,0.0,0.0,0.0,0.0,0.01,0.0,0.0,0.01,0.0,0.0,0.04,0.04,0.0,0.01,0.01,0.01,0.01,0.01,0.01,0.01,0.01,0.01,0.01,0.01,0.0,0.01,0.01,0.01,0.01,0.01,0.01,0.01,0.01,0.01,0.01,0.01,0.01,0.01,0.01,0.01,0.01,0.01,0.0,0.0,0.01,0.01,0.01,0.01,0.01,0.01,0.0,0.01,0.01,0.01,0.0,0.01,0.04,0.01,0.01,0.01,0.01,0.0,0.01,0.0,0.01,0.01,0.01,0.01,0.01,0.01,0.01,0.01,0.01,0.01,0.0,0.01,0.01,0.01,0.01,0.01,0.01,0.01,0.04,0.0,0.0,0.01,0.01,0.01,0.01,0.01,0.0,0.01,0.0,0.01,0.01,0.01,0.0,0.01,0.01,0.01,0.0,0.0,0.0,0.01,0.0,0.0,0.0,0.01,0.0,0.01,0.01,0.01,0.0,0.01,0.0,0.01,0.01,0.01,0.01,0.01,0.01,0.01,0.01,0.01,0.01,0.01,0.01,0.01,0.01,0.01,0.0,0.0,0.0,0.0,0.0,0.01,0.01,0.01,0.01,0.01,0.01,0.01,0.01,0.01,0.02,0.01,0.0,0.0,0.0,0.0,0.0,0.01,0.0,0.01,0.0,0.0,0.01,0.0,0.0,0.01,0.01,0.01,0.01,0.01,0.01,0.01,0.01,0.01,0.01,0.01,0.03,0.03,0.0,0.0,0.01,0.01,0.01,0.01,0.01,0.01,0.01,0.01,0.0,0.0,0.0,0.01,0.01,0.0,0.0,0.01,0.01,0.0,0.01,0.01,0.0,0.01,0.0,0.01,0.0,0.0,0.0,0.01,0.01,0.01,0.0,0.0
hand,object,24,0.0,0.0,0.0,0.0,0.0,0.0,0.0,0.01,0.01,0.02,0.0,0.0,0.0,0.0,0.0,0.0,0.03,0.02,0.0,0.01,0.01,0.01,0.01,0.01,0.01,0.01,0.01,0.01,0.01,0.01,0.01,0.01,0.01,0.01,0.01,0.01,0.01,0.01,0.01,0.01,0.0,0.0,0.01,0.01,0.0,0.01,0.01,0.01,0.01,0.01,0.01,0.01,0.01,0.01,0.01,0.01,0.0,0.01,0.01,0.01,0.01,0.01,0.01,0.01,0.01,0.01,0.0,0.02,0.0,0.01,0.01,0.01,0.01,0.01,0.01,0.01,0.01,0.01,0.01,0.01,0.01,0.01,0.01,0.01,0.01,0.01,0.0,0.0,0.0,0.0,0.0,0.0,0.01,0.01,0.01,0.01,0.01,0.01,0.01,0.01,0.01,0.02,0.01,0.01,0.01,0.01,0.01,0.01,0.02,0.01,0.01,0.02,0.01,0.01,0.0,0.01,0.0,0.01,0.02,0.01,0.0,0.0,0.01,0.0,0.0,0.0,0.0,0.0,0.01,0.0,0.0,0.01,0.0,0.0,0.01,0.0,0.01,0.01,0.01,0.01,0.01,0.01,0.01,0.01,0.01,0.01,0.01,0.01,0.01,0.01,0.01,0.01,0.01,0.01,0.01,0.01,0.01,0.01,0.01,0.01,0.01,0.01,0.01,0.01,0.01,0.01,0.0,0.01,0.01,0.01,0.01,0.01,0.01,0.01,0.0,0.01,0.01,0.01,0.0,0.01,0.01,0.01,0.01,0.01,0.01,0.0,0.01,0.01,0.01,0.01,0.01,0.01,0.01,0.01,0.01,0.01,0.01,0.01,0.0,0.01,0.01,0.01,0.01,0.01,0.01,0.01,0.0,0.01,0.0,0.01,0.01,0.01,0.01,0.01,0.0,0.01,0.0,0.01,0.01,0.01,0.0,0.01,0.01,0.01,0.0,0.01,0.0,0.01,0.01,0.0,0.0,0.01,0.0,0.01,0.01,0.01,0.0,0.01,0.0,0.01,0.01,0.01,0.01,0.01,0.01,0.01,0.01,0.01,0.01,0.01,0.01,0.01,0.01,0.01,0.0,0.0,0.0,0.0,0.0,0.01,0.01,0.01,0.01,0.01,0.01,0.01,0.01,0.01,0.01,0.01,0.0,0.01,0.0,0.0,0.0,0.01,0.0,0.01,0.0,0.0,0.01,0.01,0.0,0.01,0.01,0.01,0.01,0.01,0.01,0.01,0.01,0.01,0.01,0.01,0.0,0.0,0.0,0.0,0.01,0.01,0.01,0.01,0.01,0.01,0.01,0.0,0.0,0.0,0.0,0.01,0.01,0.0,0.0,0.01,0.0,0.01,0.01,0.0,0.0,0.01,0.02,0.01,0.0,0.0,0.0,0.0,0.01,0.0,0.0,0.0
put in,action,25,0.01,0.01,0.01,0.01,0.01,0.01,0.05,0.01,0.01,0.01,0.01,0.01,0.01,0.01,0.01,0.01,0.01,0.03,0.01,0.01,0.01,0.01,0.01,0.01,0.01,0.01,0.01,0.01,0.01,0.01,0.01,0.01,0.01,0.01,0.01,0.01,0.01,0.01,0.02,0.01,0.01,0.03,0.01,0.01,0.01,0.01,0.01,0.01,0.01,0.01,0.01,0.01,0.01,0.01,0.01,0.01,0.1,0.01,0.01,0.01,0.01,0.01,0.01,0.01,0.01,0.01,0.01,0.01,0.01,0.01,0.01,0.01,0.01,0.01,0.01,0.01,0.01,0.01,0.01,0.01,0.01,0.01,0.01,0.01,0.01,0.01,0.01,0.01,0.01,0.01,0.01,0.01,0.01,0.01,0.01,0.01,0.01,0.01,0.01,0.01,0.01,0.01,0.01,0.01,0.01,0.01,0.01,0.01,0.01,0.01,0.01,0.01,0.01,0.04,0.01,0.01,0.01,0.01,0.01,0.02,0.01,0.01,0.01,0.01,0.01,0.01,0.01,0.01,0.01,0.01,0.01,0.01,0.01,0.01,0.01,0.01,0.01,0.01,0.01,0.01,0.01,0.01,0.01,0.01,0.01,0.01,0.01,0.01,0.01,0.01,0.01,0.01,0.01,0.01,0.01,0.01,0.01,0.01,0.01,0.01,0.01,0.01,0.01,0.01,0.01,0.01,0.01,0.01,0.01,0.01,0.01,0.01,0.01,0.01,0.01,0.01,0.01,0.01,0.01,0.01,0.01,0.02,0.01,0.01,0.01,0.04,0.01,0.01,0.01,0.01,0.01,0.01,0.01,0.01,0.01,0.01,0.01,0.01,0.01,0.01,0.01,0.01,0.01,0.01,0.01,0.01,0.03,0.01,0.01,0.01,0.01,0.01,0.01,0.01,0.01,0.01,0.01,0.01,0.01,0.01,0.01,0.01,0.01,0.01,0.01,0.01,0.01,0.01,0.04,0.01,0.01,0.01,0.01,0.01,0.01,0.01,0.01,0.01,0.01,0.01,0.01,0.01,0.01,0.01,0.01,0.01,0.01,0.01,0.01,0.01,0.01,0.01,0.01,0.01,0.01,0.01,0.01,0.01,0.01,0.01,0.01,0.01,0.01,0.01,0.01,0.01,0.01,0.01,0.01,0.01,0.01,0.01,0.01,0.01,0.01,0.01,0.01,0.01,0.01,0.01,0.01,0.03,0.01,0.01,0.01,0.01,0.01,0.01,0.01,0.01,0.01,0.01,0.01,0.01,0.01,0.01,0.01,0.01,0.01,0.01,0.01,0.01,0.01,0.01,0.01,0.01,0.01,0.01,0.01,0.01,0.01,0.01,0.01,0.01,0.01,0.01,0.01,0.01,0.01,0.01,0.03,0.01,0.01,0.01,0.04,0.01,0.01,0.01,0.01,0.01
add,action,26,0.0,0.0,0.0,0.0,0.0,0.0,0.0,0.0,0.01,0.04,0.0,0.0,0.0,0.0,0.05,0.0,0.0,0.0,0.0,0.01,0.01,0.01,0.01,0.01,0.01,0.01,0.01,0.01,0.01,0.01,0.01,0.01,0.01,0.01,0.01,0.01,0.01,0.01,0.01,0.01,0.0,0.0,0.01,0.0,0.0,0.01,0.01,0.01,0.01,0.01,0.01,0.01,0.01,0.01,0.01,0.01,0.0,0.01,0.01,0.01,0.01,0.01,0.01,0.01,0.01,0.01,0.0,0.02,0.0,0.01,0.01,0.01,0.01,0.01,0.01,0.01,0.01,0.0,0.01,0.01,0.01,0.0,0.01,0.01,0.03,0.01,0.02,0.0,0.0,0.0,0.0,0.0,0.0,0.01,0.01,0.01,0.01,0.01,0.01,0.01,0.01,0.01,0.0,0.01,0.01,0.01,0.01,0.01,0.0,0.01,0.01,0.01,0.01,0.0,0.0,0.01,0.0,0.01,0.0,0.0,0.0,0.0,0.01,0.0,0.0,0.0,0.0,0.0,0.01,0.0,0.0,0.01,0.0,0.0,0.03,0.03,0.0,0.01,0.01,0.01,0.01,0.01,0.01,0.01,0.01,0.01,0.01,0.01,0.0,0.01,0.01,0.01,0.01,0.01,0.01,0.01,0.01,0.01,0.01,0.0,0.01,0.01,0.01,0.01,0.01,0.01,0.01,0.0,0.01,0.02,0.01,0.01,0.01,0.01,0.01,0.01,0.01,0.01,0.0,0.0,0.0,0.01,0.01,0.01,0.01,0.0,0.01,0.0,0.01,0.01,0.01,0.01,0.0,0.01,0.01,0.01,0.01,0.01,0.0,0.01,0.01,0.01,0.01,0.01,0.01,0.01,0.0,0.0,0.0,0.01,0.01,0.01,0.01,0.01,0.0,0.01,0.0,0.01,0.01,0.01,0.0,0.01,0.01,0.01,0.0,0.02,0.0,0.01,0.0,0.05,0.0,0.01,0.05,0.01,0.01,0.01,0.0,0.01,0.0,0.01,0.01,0.01,0.01,0.01,0.01,0.01,0.01,0.01,0.01,0.01,0.01,0.01,0.01,0.01,0.0,0.0,0.0,0.0,0.0,0.01,0.01,0.01,0.01,0.01,0.01,0.01,0.01,0.01,0.01,0.01,0.0,0.0,0.02,0.0,0.0,0.01,0.0,0.01,0.0,0.0,0.01,0.0,0.0,0.01,0.01,0.01,0.01,0.01,0.01,0.01,0.01,0.01,0.01,0.01,0.0,0.0,0.0,0.0,0.01,0.01,0.01,0.01,0.01,0.01,0.01,0.0,0.0,0.0,0.0,0.01,0.03,0.0,0.0,0.01,0.0,0.0,0.01,0.0,0.0,0.0,0.0,0.0,0.0,0.0,0.0,0.0,0.01,0.02,0.0,0.03
throw,action,27,0.05,0.0,0.0,0.0,0.0,0.0,0.0,0.0,0.04,0.0,0.05,0.0,0.0,0.0,0.0,0.0,0.0,0.0,0.0,0.01,0.01,0.01,0.01,0.01,0.01,0.01,0.01,0.01,0.01,0.01,0.01,0.01,0.01,0.01,0.01,0.01,0.01,0.01,0.01,0.01,0.0,0.0,0.16,0.0,0.0,0.01,0.01,0.01,0.01,0.01,0.01,0.01,0.01,0.01,0.01,0.01,0.01,0.01,0.01,0.01,0.01,0.01,0.04,0.01,0.01,0.01,0.0,0.04,0.0,0.01,0.07,0.01,0.01,0.01,0.01,0.01,0.01,0.01,0.01,0.01,0.01,0.01,0.01,0.01,0.01,0.01,0.0,0.0,0.0,0.0,0.0,0.0,0.0,0.01,0.01,0.01,0.01,0.01,0.01,0.01,0.01,0.05,0.0,0.01,0.01,0.01,0.01,0.01,0.0,0.01,0.01,0.01,0.01,0.0,0.0,0.01,0.0,0.17,0.0,0.0,0.0,0.0,0.01,0.0,0.0,0.0,0.0,0.01,0.23,0.0,0.0,0.01,0.0,0.0,0.08,0.0,0.04,0.01,0.01,0.01,0.01,0.01,0.01,0.01,0.01,0.01,0.01,0.01,0.01,0.01,0.01,0.01,0.01,0.01,0.01,0.01,0.01,0.01,0.01,0.01,0.01,0.01,0.01,0.01,0.01,0.01,0.0,0.01,0.01,0.01,0.01,0.01,0.01,0.01,0.0,0.01,0.01,0.01,0.0,0.04,0.07,0.01,0.01,0.01,0.01,0.0,0.01,0.01,0.01,0.01,0.01,0.01,0.01,0.01,0.01,0.01,0.01,0.01,0.0,0.01,0.01,0.01,0.01,0.01,0.01,0.01,0.0,0.01,0.0,0.01,0.01,0.01,0.01,0.01,0.0,0.01,0.0,0.01,0.01,0.01,0.0,0.01,0.01,0.01,0.05,0.0,0.0,0.01,0.01,0.01,0.0,0.01,0.0,0.01,0.01,0.01,0.0,0.01,0.0,0.01,0.01,0.01,0.01,0.01,0.03,0.01,0.01,0.01,0.01,0.01,0.01,0.01,0.01,0.01,0.0,0.0,0.01,0.0,0.0,0.01,0.01,0.01,0.01,0.01,0.02,0.01,0.01,0.01,0.01,0.03,0.01,0.0,0.0,0.0,0.0,0.01,0.0,0.01,0.0,0.01,0.01,0.08,0.0,0.01,0.01,0.01,0.01,0.01,0.01,0.01,0.01,0.01,0.01,0.01,0.0,0.0,0.0,0.0,0.01,0.01,0.01,0.01,0.01,0.01,0.01,0.0,0.0,0.0,0.0,0.01,0.01,0.0,0.01,0.04,0.0,0.0,0.01,0.0,0.0,0.01,0.0,0.0,0.0,0.0,0.0,0.0,0.01,0.0,0.0,0.0
dry,action,28,0.0,0.02,0.0,0.0,0.0,0.0,0.0,0.0,0.01,0.01,0.0,0.0,0.0,0.0,0.0,0.0,0.15,0.01,0.0,0.01,0.01,0.01,0.01,0.01,0.01,0.01,0.01,0.01,0.01,0.01,0.01,0.01,0.01,0.01,0.01,0.01,0.01,0.01,0.01,0.01,0.0,0.0,0.01,0.0,0.0,0.01,0.01,0.01,0.01,0.01,0.01,0.01,0.01,0.01,0.01,0.01,0.0,0.01,0.01,0.01,0.01,0.01,0.02,0.01,0.01,0.01,0.0,0.01,0.0,0.01,0.01,0.02,0.01,0.01,0.02,0.01,0.01,0.0,0.01,0.01,0.01,0.0,0.01,0.01,0.01,0.01,0.0,0.01,0.0,0.0,0.0,0.0,0.01,0.01,0.01,0.01,0.01,0.01,0.01,0.01,0.01,0.01,0.0,0.01,0.01,0.01,0.01,0.01,0.01,0.01,0.01,0.01,0.01,0.0,0.0,0.01,0.0,0.01,0.01,0.0,0.0,0.02,0.01,0.0,0.0,0.0,0.0,0.0,0.01,0.0,0.0,0.01,0.0,0.0,0.0,0.0,0.0,0.01,0.01,0.02,0.01,0.01,0.01,0.01,0.01,0.01,0.01,0.01,0.0,0.01,0.01,0.01,0.01,0.01,0.01,0.01,0.01,0.01,0.01,0.0,0.01,0.01,0.01,0.02,0.01,0.01,0.0,0.0,0.01,0.01,0.01,0.01,0.01,0.01,0.0,0.01,0.01,0.01,0.0,0.0,0.0,0.01,0.01,0.01,0.01,0.0,0.01,0.0,0.01,0.01,0.01,0.01,0.0,0.01,0.0,0.01,0.01,0.01,0.0,0.01,0.01,0.01,0.01,0.01,0.01,0.01,0.0,0.01,0.0,0.01,0.01,0.01,0.01,0.01,0.0,0.01,0.0,0.01,0.01,0.01,0.0,0.0,0.01,0.01,0.0,0.0,0.0,0.01,0.0,0.0,0.0,0.01,0.0,0.01,0.01,0.01,0.0,0.01,0.0,0.01,0.01,0.01,0.01,0.01,0.01,0.01,0.01,0.01,0.01,0.01,0.01,0.01,0.01,0.01,0.0,0.0,0.0,0.0,0.0,0.01,0.01,0.01,0.01,0.01,0.01,0.01,0.01,0.01,0.0,0.0,0.0,0.04,0.0,0.0,0.0,0.01,0.0,0.01,0.0,0.01,0.01,0.04,0.0,0.01,0.01,0.01,0.01,0.01,0.01,0.01,0.01,0.01,0.01,0.01,0.0,0.0,0.0,0.0,0.01,0.01,0.01,0.01,0.01,0.01,0.01,0.0,0.0,0.0,0.0,0.01,0.01,0.0,0.0,0.01,0.0,0.03,0.01,0.0,0.0,0.0,0.0,0.0,0.0,0.0,0.0,0.0,0.01,0.0,0.0,0.0
garbage,location,29,0.05,0.0,0.0,0.0,0.0,0.0,0.0,0.0,0.05,0.0,0.05,0.0,0.0,0.0,0.0,0.0,0.0,0.0,0.0,0.01,0.01,0.01,0.01,0.0,0.01,0.01,0.01,0.01,0.01,0.01,0.01,0.01,0.01,0.01,0.01,0.01,0.01,0.01,0.01,0.01,0.0,0.0,0.17,0.0,0.0,0.01,0.01,0.01,0.01,0.01,0.01,0.01,0.01,0.01,0.01,0.01,0.01,0.01,0.01,0.01,0.01,0.01,0.04,0.01,0.01,0.01,0.0,0.04,0.0,0.01,0.07,0.01,0.01,0.01,0.01,0.01,0.01,0.0,0.01,0.01,0.01,0.0,0.01,0.01,0.01,0.01,0.0,0.0,0.0,0.0,0.0,0.0,0.0,0.01,0.01,0.01,0.01,0.01,0.01,0.01,0.01,0.05,0.0,0.01,0.01,0.01,0.01,0.01,0.0,0.01,0.01,0.0,0.01,0.0,0.0,0.01,0.0,0.17,0.0,0.0,0.0,0.0,0.01,0.0,0.0,0.0,0.0,0.0,0.23,0.0,0.0,0.01,0.0,0.0,0.08,0.0,0.04,0.01,0.01,0.01,0.01,0.01,0.01,0.01,0.01,0.01,0.01,0.01,0.0,0.01,0.01,0.01,0.01,0.01,0.01,0.01,0.01,0.01,0.01,0.0,0.01,0.01,0.01,0.01,0.01,0.01,0.0,0.0,0.01,0.0,0.01,0.01,0.01,0.01,0.0,0.01,0.01,0.01,0.0,0.04,0.07,0.01,0.01,0.01,0.01,0.0,0.01,0.0,0.01,0.01,0.01,0.01,0.0,0.01,0.01,0.01,0.01,0.01,0.0,0.01,0.01,0.01,0.01,0.01,0.01,0.01,0.0,0.0,0.0,0.0,0.01,0.01,0.01,0.01,0.0,0.01,0.0,0.01,0.01,0.01,0.0,0.01,0.01,0.01,0.05,0.0,0.0,0.01,0.0,0.0,0.0,0.01,0.0,0.01,0.01,0.01,0.0,0.01,0.0,0.01,0.01,0.01,0.01,0.01,0.03,0.01,0.01,0.01,0.01,0.01,0.01,0.01,0.01,0.01,0.0,0.0,0.0,0.0,0.0,0.01,0.01,0.01,0.01,0.01,0.02,0.01,0.01,0.01,0.01,0.03,0.0,0.0,0.0,0.0,0.0,0.01,0.0,0.01,0.0,0.0,0.01,0.08,0.0,0.01,0.01,0.01,0.01,0.01,0.01,0.01,0.01,0.01,0.01,0.01,0.0,0.0,0.0,0.0,0.01,0.01,0.01,0.01,0.01,0.01,0.01,0.0,0.0,0.0,0.0,0.01,0.01,0.0,0.01,0.04,0.0,0.0,0.01,0.0,0.0,0.0,0.0,0.0,0.0,0.0,0.0,0.0,0.01,0.0,0.0,0.0